UnixTimeStamp,Value,
1438214400,8893,0
1438300800,0,0
1438387200,0,0
1438473600,0,0
1438560000,0,0
1438646400,0,0
1438732800,0,0
1438819200,0,0
1438905600,2050,2.77
1438992000,2881,0.81
1439078400,1329,0.74
1439164800,2037,0.68
1439251200,4963,1.06
1439337600,2036,1.25
1439424000,2842,1.78
1439510400,3174,1.8
1439596800,2284,1.79
1439683200,2440,1.37
1439769600,2512,1.2
1439856000,2494,1.27
1439942400,3246,1.26
1440028800,2303,1.48
1440115200,3919,1.44
1440201600,3579,1.39
1440288000,4190,1.35
1440374400,4432,1.24
1440460800,4487,1.17
1440547200,4156,1.16
1440633600,5590,1.13
1440720000,4758,1.3
1440806400,4139,1.18
1440892800,4572,1.32
1440979200,5196,1.35
1441065600,5153,1.35
1441152000,5195,1.29
1441238400,4777,1.26
1441324800,5642,1.27
1441411200,5519,1.37
1441497600,5521,1.3
1441584000,5702,1.24
1441670400,5622,1.23
1441756800,5604,1.21
1441843200,5341,1.16
1441929600,6460,0.98
1442016000,5596,1.04
1442102400,6057,0.94
1442188800,5572,0.87
1442275200,5409,0.94
1442361600,5872,0.9
1442448000,5368,0.89
1442534400,5802,0.85
1442620800,5205,0.89
1442707200,6402,0.94
1442793600,6305,0.9
1442880000,6804,0.9
1442966400,7404,0.9
1443052800,6224,0.81
1443139200,5851,0.74
1443225600,5907,0.78
1443312000,5760,0.72
1443398400,6123,0.59
1443484800,5738,0.68
1443571200,5870,0.72
1443657600,6421,0.68
1443744000,6063,0.68
1443830400,6112,0.69
1443916800,6624,0.67
1444003200,6279,0.63
1444089600,6458,0.66
1444176000,7121,0.61
1444262400,6926,0.62
1444348800,6763,0.65
1444435200,6529,0.63
1444521600,6023,0.63
1444608000,6593,0.63
1444694400,6818,0.6
1444780800,6830,0.51
1444867200,6499,0.56
1444953600,6795,0.53
1445040000,6567,0.55
1445126400,6481,0.52
1445212800,6604,0.49
1445299200,5897,0.44
1445385600,6182,0.44
1445472000,5979,0.59
1445558400,6888,0.52
1445644800,6361,0.57
1445731200,5830,0.65
1445817600,5938,0.74
1445904000,6784,0.87
1445990400,7346,1.01
1446076800,7836,1.16
1446163200,7941,1.04
1446249600,7557,0.89
1446336000,6915,1.05
1446422400,6558,0.96
1446508800,7399,1
1446595200,7037,0.87
1446681600,7498,0.89
1446768000,7882,0.92
1446854400,10996,0.92
1446940800,12413,1.02
1447027200,7689,1
1447113600,8151,0.92
1447200000,10217,0.78
1447286400,9534,0.89
1447372800,7891,0.89
1447459200,7211,0.89
1447545600,7170,0.9
1447632000,7442,0.94
1447718400,7145,1
1447804800,7373,0.99
1447891200,8876,0.95
1447977600,6348,0.93
1448064000,6822,0.97
1448150400,7083,0.96
1448236800,8260,0.94
1448323200,7152,0.91
1448409600,7098,0.86
1448496000,7278,0.88
1448582400,6639,0.87
1448668800,6817,0.91
1448755200,6853,0.87
1448841600,8986,0.88
1448928000,6794,0.87
1449014400,6502,0.83
1449100800,6971,0.82
1449187200,6898,0.84
1449273600,6784,0.85
1449360000,9103,0.84
1449446400,7141,0.8
1449532800,6697,0.83
1449619200,7001,0.79
1449705600,7444,0.84
1449792000,8105,0.91
1449878400,8205,0.97
1449964800,7426,0.96
1450051200,15550,0.99
1450137600,21098,1.01
1450224000,10304,0.99
1450310400,9612,0.94
1450396800,9032,0.91
1450483200,9314,0.9
1450569600,9879,0.9
1450656000,12063,0.89
1450742400,21027,0.87
1450828800,22740,0.85
1450915200,13494,0.85
1451001600,9521,0.87
1451088000,10726,0.85
1451174400,21867,0.85
1451260800,12368,0.84
1451347200,11358,0.87
1451433600,21767,0.9
1451520000,10301,0.93
1451606400,8233,0.93
1451692800,9164,0.93
1451779200,9258,0.97
1451865600,9474,0.95
1451952000,16430,0.95
1452038400,17074,0.96
1452124800,22075,0.95
1452211200,10919,0.99
1452297600,11793,0.99
1452384000,10320,0.99
1452470400,10893,1.05
1452556800,10862,1.23
1452643200,17665,1.13
1452729600,10653,1.16
1452816000,9875,1.22
1452902400,10664,1.22
1452988800,9747,1.31
1453075200,12916,1.47
1453161600,13420,1.37
1453248000,10610,1.53
1453334400,10734,1.54
1453420800,13848,1.52
1453507200,11025,2.03
1453593600,12798,2.1
1453680000,17121,2.5
1453766400,16511,2.3
1453852800,18747,2.42
1453939200,16765,2.55
1454025600,16395,2.41
1454112000,14661,2.43
1454198400,14166,2.2
1454284800,14199,2.17
1454371200,14291,2.45
1454457600,14274,2.53
1454544000,14371,2.57
1454630400,15249,2.57
1454716800,31418,2.53
1454803200,14264,3
1454889600,14719,3.16
1454976000,15517,3.76
1455062400,17141,4.35
1455148800,21440,6.38
1455235200,18109,5.27
1455321600,19327,5.22
1455408000,16624,5.2
1455494400,17159,5.22
1455580800,17549,4.25
1455667200,19990,3.86
1455753600,16969,4.36
1455840000,18412,4.45
1455926400,16714,4.37
1456012800,17119,4.63
1456099200,18190,5.6
1456185600,18482,5.7
1456272000,19540,6.23
1456358400,19503,5.93
1456444800,21068,6.03
1456531200,18981,6.31
1456617600,19063,6.5
1456704000,20358,6.35
1456790400,21778,7.59
1456876800,23562,8.7
1456963200,24837,9.35
1457049600,24287,9.96
1457136000,27115,11
1457222400,27661,10.98
1457308800,23271,9.5
1457395200,24104,9.88
1457481600,24557,11.55
1457568000,24814,11.11
1457654400,23124,11.25
1457740800,27887,13.25
1457827200,28127,15
1457913600,28528,12.5
1458000000,29273,13.09
1458086400,27596,12.92
1458172800,33531,11.14
1458259200,31821,10.75
1458345600,34779,10.55
1458432000,32447,10.06
1458518400,32511,11.97
1458604800,32890,10.96
1458691200,31786,12.29
1458777600,36947,11.13
1458864000,36762,10.69
1458950400,36646,11
1459036800,29974,10.5
1459123200,33613,11.58
1459209600,33915,11.73
1459296000,36767,11.88
1459382400,32259,11.41
1459468800,33320,11.63
1459555200,29358,11.61
1459641600,29588,11.58
1459728000,34907,11.1
1459814400,39173,10.39
1459900800,32078,10.79
1459987200,31893,10.08
1460073600,34010,9.74
1460160000,31923,9.16
1460246400,32237,8.8
1460332800,30327,8.72
1460419200,34673,7.54
1460505600,36051,8.02
1460592000,34781,8.48
1460678400,34959,8.22
1460764800,30483,8.48
1460851200,40203,9.45
1460937600,33513,8.92
1461024000,32622,8.77
1461110400,32944,8.54
1461196800,37181,8.16
1461283200,31678,7.83
1461369600,31845,8.31
1461456000,34046,8
1461542400,35430,7.43
1461628800,32582,7.5
1461715200,33847,7.77
1461801600,34343,7.3
1461888000,37332,7.52
1461974400,45769,8.83
1462060800,39578,8.76
1462147200,41748,10.03
1462233600,37821,9.37
1462320000,37484,9.43
1462406400,38707,9.79
1462492800,41271,9.27
1462579200,35864,9.3
1462665600,40063,9.44
1462752000,38560,9.32
1462838400,40684,9.39
1462924800,40811,9.97
1463011200,45002,10.1
1463097600,47737,10.48
1463184000,45745,10.14
1463270400,43073,9.94
1463356800,37424,11.04
1463443200,40309,12.26
1463529600,46033,13.29
1463616000,44523,14.49
1463702400,45177,13.73
1463788800,43621,13.95
1463875200,38895,14.21
1463961600,43806,13.45
1464048000,42911,12.62
1464134400,46443,12.53
1464220800,51147,12.37
1464307200,49006,11.11
1464393600,70148,11.56
1464480000,45890,12.28
1464566400,42927,12.48
1464652800,44386,13.85
1464739200,42221,13.83
1464825600,39666,13.78
1464912000,39834,13.78
1464998400,37875,13.66
1465084800,37896,13.85
1465171200,38957,13.96
1465257600,46141,14.41
1465344000,40433,14.44
1465430400,39854,14.49
1465516800,40145,13.97
1465603200,36901,14.01
1465689600,42581,15.57
1465776000,46185,17.55
1465862400,50335,18.7
1465948800,43251,18.3
1466035200,43392,20.61
1466121600,66558,15.49
1466208000,63083,11.36
1466294400,51035,12.33
1466380800,47118,11.7
1466467200,47323,12.71
1466553600,48615,13.21
1466640000,41908,13.58
1466726400,45331,14.25
1466812800,36684,14.28
1466899200,41613,13.82
1466985600,39663,14.04
1467072000,43089,12.15
1467158400,49897,12.76
1467244800,63952,12.4
1467331200,40085,12.23
1467417600,39257,12.04
1467504000,39757,11.85
1467590400,39950,11.34
1467676800,39270,10.45
1467763200,37900,10.51
1467849600,40433,10.07
1467936000,42506,11.3
1468022400,40410,10.92
1468108800,39358,10.97
1468195200,38582,10.58
1468281600,40811,10.54
1468368000,35740,10.44
1468454400,42809,11.55
1468540800,41110,11.88
1468627200,38062,11.59
1468713600,33914,11.19
1468800000,39198,11.03
1468886400,44184,11.63
1468972800,50631,12.54
1469059200,44882,12.66
1469145600,48458,14.82
1469232000,45006,14.4
1469318400,58215,12.63
1469404800,54856,13.84
1469491200,61930,12.08
1469577600,53035,13.05
1469664000,48555,12.87
1469750400,47243,12.87
1469836800,42011,12.57
1469923200,48749,11.86
1470009600,45978,11.04
1470096000,49041,8.3
1470182400,49475,10.42
1470268800,46761,11.21
1470355200,43212,11.05
1470441600,41487,10.95
1470528000,42955,10.98
1470614400,42984,11.29
1470700800,47057,12.22
1470787200,46290,12.22
1470873600,48171,11.68
1470960000,44400,11.78
1471046400,41088,11.56
1471132800,40577,11.21
1471219200,42302,11.21
1471305600,48949,11.17
1471392000,44867,10.77
1471478400,47799,10.77
1471564800,42948,10.71
1471651200,41318,11.28
1471737600,42543,11.14
1471824000,44250,11.07
1471910400,48430,11.01
1471996800,46821,11.01
1472083200,49868,11.35
1472169600,47292,11.26
1472256000,47938,11.19
1472342400,42607,10.99
1472428800,45510,10.95
1472515200,46979,11.21
1472601600,45846,11.55
1472688000,47491,12.21
1472774400,55413,12.08
1472860800,44792,11.85
1472947200,48128,11.71
1473033600,42667,11.75
1473120000,49102,11.7
1473206400,48701,11.59
1473292800,55970,11.39
1473379200,53918,11.72
1473465600,42875,12.05
1473552000,43345,11.64
1473638400,45123,11.89
1473724800,42591,11.92
1473811200,53859,11.97
1473897600,52622,11.96
1473984000,57532,12.61
1474070400,46882,12.83
1474156800,37893,12.39
1474243200,40505,12.93
1474329600,54067,14.72
1474416000,44549,13.72
1474502400,52657,13.11
1474588800,35219,13.36
1474675200,43418,12.91
1474761600,38713,13.05
1474848000,43514,12.89
1474934400,46817,13.09
1475020800,42797,13.3
1475107200,40416,13.17
1475193600,35836,13.24
1475280000,53076,13.21
1475366400,51105,13.23
1475452800,47672,13.45
1475539200,56662,13.32
1475625600,41719,13.09
1475712000,36826,12.87
1475798400,43708,12.68
1475884800,37690,12.24
1475971200,43940,12.06
1476057600,44940,11.74
1476144000,41053,11.75
1476230400,30002,11.77
1476316800,32244,12.02
1476403200,42006,11.9
1476489600,33662,11.96
1476576000,34990,11.93
1476662400,38136,11.98
1476748800,51898,12.5
1476835200,38497,11.98
1476921600,43438,12.05
1477008000,57780,12.07
1477094400,37772,12.06
1477180800,35364,11.95
1477267200,52547,11.93
1477353600,47610,11.38
1477440000,45158,11.5
1477526400,44353,11.43
1477612800,41522,11.08
1477699200,40011,10.39
1477785600,39435,11.22
1477872000,45031,10.91
1477958400,49025,10.75
1478044800,43519,10.82
1478131200,42346,10.86
1478217600,32572,11.13
1478304000,37690,11.11
1478390400,34391,10.97
1478476800,41941,10.9
1478563200,41569,10.86
1478649600,40517,10.64
1478736000,40164,10.52
1478822400,41070,10.29
1478908800,40882,9.96
1478995200,43673,10.13
1479081600,43876,10
1479168000,45330,10.22
1479254400,41684,10.01
1479340800,40738,9.95
1479427200,43785,9.53
1479513600,39289,9.7
1479600000,42125,9.57
1479686400,42735,9.56
1479772800,53585,9.84
1479859200,64289,9.78
1479945600,36861,9.22
1480032000,58075,9.39
1480118400,40804,9.34
1480204800,44449,8.91
1480291200,48388,8.67
1480377600,47036,8.18
1480464000,39178,8.59
1480550400,37121,8.44
1480636800,41642,7.65
1480723200,41357,7.9
1480809600,39643,7.54
1480896000,41613,6.69
1480982400,48200,7.61
1481068800,41757,8.35
1481155200,39587,8.3
1481241600,41444,8.52
1481328000,40564,8.09
1481414400,39164,8.2
1481500800,38741,8.45
1481587200,44664,8.4
1481673600,47294,8.23
1481760000,46102,7.76
1481846400,43953,7.85
1481932800,39442,7.66
1482019200,36640,7.89
1482105600,45599,7.61
1482192000,44241,7.59
1482278400,50793,7.87
1482364800,55173,7.64
1482451200,44391,7.16
1482537600,37757,7.23
1482624000,36601,7.19
1482710400,34565,7.21
1482796800,42370,7.15
1482883200,43386,7.57
1482969600,46546,8.21
1483056000,44561,8.16
1483142400,41220,8.05
1483228800,38730,8.14
1483315200,39652,8.34
1483401600,45883,9.6
1483488000,50673,10.88
1483574400,49596,10.2
1483660800,43804,10.07
1483747200,43622,9.79
1483833600,42727,10.27
1483920000,46188,10.2
1484006400,48179,10.55
1484092800,45221,9.83
1484179200,50589,9.81
1484265600,50833,9.78
1484352000,42044,9.78
1484438400,41748,9.88
1484524800,45375,9.59
1484611200,46671,10.14
1484697600,44994,10.19
1484784000,43628,10.43
1484870400,45775,10.6
1484956800,43302,10.91
1485043200,47432,10.71
1485129600,46076,10.78
1485216000,50414,10.51
1485302400,46256,10.51
1485388800,46856,10.65
1485475200,46680,10.51
1485561600,45189,10.54
1485648000,42509,10.47
1485734400,45369,10.62
1485820800,43649,10.71
1485907200,44541,10.71
1485993600,43709,10.78
1486080000,42778,10.95
1486166400,45410,11.32
1486252800,46542,11.22
1486339200,47306,11.32
1486425600,51866,11.45
1486512000,51089,11.39
1486598400,47873,10.94
1486684800,52222,11.34
1486771200,46560,11.43
1486857600,45319,11.42
1486944000,55990,11.39
1487030400,58298,13
1487116800,55320,12.97
1487203200,49674,12.95
1487289600,49406,12.72
1487376000,49398,12.83
1487462400,48227,12.82
1487548800,50152,12.52
1487635200,58434,12.77
1487721600,50372,12.69
1487808000,47601,13.13
1487894400,54081,13.11
1487980800,53245,13.57
1488067200,51716,14.59
1488153600,52642,15.55
1488240000,60277,16.07
1488326400,59774,17.55
1488412800,70779,19.08
1488499200,64294,19.48
1488585600,58756,18.61
1488672000,57031,19.22
1488758400,57020,19.75
1488844800,62589,18.91
1488931200,55386,16.54
1489017600,64266,17.71
1489104000,65132,19.13
1489190400,64803,21.45
1489276800,66646,23.31
1489363200,81718,28.45
1489449600,77155,28.58
1489536000,81205,35.18
1489622400,109950,45.51
1489708800,106635,44.48
1489795200,89920,34
1489881600,84599,43.12
1489968000,80264,42.51
1490054400,84298,42.67
1490140800,78821,41.65
1490227200,82434,43.2
1490313600,87775,53.19
1490400000,84394,50.62
1490486400,79534,50.63
1490572800,94570,49.06
1490659200,84348,50.25
1490745600,93064,53.07
1490832000,96209,51.91
1490918400,103102,49.91
1491004800,80572,50.6
1491091200,88948,48.55
1491177600,100221,44.13
1491264000,86279,44.43
1491350400,87411,44.9
1491436800,95177,43.23
1491523200,92846,42.31
1491609600,72144,44.37
1491696000,74557,43.72
1491782400,75487,43.74
1491868800,75891,43.74
1491955200,80347,46.38
1492041600,84124,49.97
1492128000,81155,47.32
1492214400,74820,48.89
1492300800,70634,48.22
1492387200,72546,47.94
1492473600,83303,49.88
1492560000,85734,47.88
1492646400,85450,49.36
1492732800,81278,48.27
1492819200,73539,48.41
1492905600,77073,48.75
1492992000,80531,49.94
1493078400,93033,50.09
1493164800,89642,53.28
1493251200,104494,63.14
1493337600,106193,72.42
1493424000,91335,69.83
1493510400,95202,79.83
1493596800,112202,77.53
1493683200,110354,77.25
1493769600,97334,80.37
1493856000,114877,94.55
1493942400,108514,90.79
1494028800,95014,94.82
1494115200,106631,90.46
1494201600,117509,88.39
1494288000,112933,86.27
1494374400,109673,87.83
1494460800,117189,88.2
1494547200,107241,85.15
1494633600,101332,87.96
1494720000,101348,88.72
1494806400,122792,90.32
1494892800,116341,87.8
1494979200,140135,86.98
1495065600,137409,95.88
1495152000,161568,124.38
1495238400,130912,123.06
1495324800,149699,148
1495411200,176255,160.39
1495497600,187121,169.5
1495584000,187293,193.03
1495670400,183010,177.33
1495756800,169818,162.83
1495843200,149450,156.63
1495929600,155271,172.86
1496016000,158547,194.17
1496102400,193618,228.58
1496188800,214126,228.64
1496275200,199160,220.7
1496361600,194911,222.04
1496448000,175666,224.3
1496534400,180136,244.96
1496620800,190305,247.75
1496707200,200523,264.26
1496793600,207180,255.77
1496880000,187700,259.41
1496966400,215831,279.11
1497052800,213356,335.95
1497139200,240490,339.68
1497225600,292941,394.66
1497312000,280054,388.09
1497398400,250410,343.84
1497484800,261617,344.68
1497571200,248003,353.61
1497657600,242022,368.1
1497744000,245957,351.53
1497830400,286209,358.2
1497916800,308488,350.53
1498003200,221289,325.3
1498089600,284225,320.97
1498176000,276012,326.85
1498262400,250570,304.54
1498348800,231135,279.36
1498435200,316788,253.68
1498521600,252995,286.14
1498608000,274241,315.86
1498694400,263791,292.9
1498780800,252652,280.68
1498867200,240465,261
1498953600,248617,283.99
1499040000,302032,276.41
1499126400,281465,269.05
1499212800,271606,266
1499299200,258791,265.88
1499385600,295389,240.94
1499472000,248142,245.67
1499558400,225189,237.72
1499644800,302633,205.76
1499731200,291677,190.55
1499817600,283828,224.15
1499904000,260745,205.41
1499990400,249381,197.14
1500076800,231961,169.1
1500163200,249138,155.42
1500249600,248473,189.97
1500336000,271055,227.09
1500422400,270122,194.41
1500508800,250065,226.33
1500595200,232560,216.33
1500681600,205574,230.47
1500768000,260490,228.32
1500854400,263095,225.48
1500940800,242956,203.59
1501027200,223010,202.88
1501113600,225435,202.93
1501200000,246494,191.21
1501286400,198773,206.14
1501372800,206624,196.78
1501459200,250090,201.33
1501545600,218582,225.9
1501632000,231068,218.12
1501718400,236335,224.39
1501804800,257160,220.6
1501891200,261400,253.09
1501977600,265127,264.56
1502064000,281172,269.94
1502150400,318866,296.51
1502236800,280308,295.28
1502323200,338241,298.28
1502409600,356682,309.32
1502496000,338654,308.02
1502582400,333011,296.62
1502668800,410061,299.16
1502755200,413246,286.52
1502841600,413624,301.38
1502928000,428007,300.3
1503014400,443356,292.62
1503100800,377418,293.02
1503187200,309926,298.2
1503273600,392880,321.85
1503360000,364727,313.37
1503446400,374711,317.4
1503532800,352465,325.28
1503619200,352621,330.06
1503705600,306268,332.86
1503792000,324173,347.88
1503878400,363799,347.66
1503964800,394649,372.35
1504051200,400220,383.86
1504137600,384421,388.33
1504224000,390997,391.42
1504310400,331797,351.03
1504396800,302525,352.45
1504483200,442592,303.7
1504569600,444572,317.94
1504656000,496376,338.92
1504742400,448347,335.37
1504828800,463670,306.72
1504915200,383654,303.79
1505001600,325128,299.21
1505088000,365384,297.95
1505174400,404898,294.1
1505260800,365679,275.84
1505347200,380251,223.14
1505433600,441767,259.57
1505520000,373764,254.49
1505606400,289517,258.4
1505692800,362764,297.53
1505779200,337752,283
1505865600,324984,283.56
1505952000,317074,257.77
1506038400,271470,262.94
1506124800,260107,286.14
1506211200,280929,282.6
1506297600,306614,294.89
1506384000,306075,288.64
1506470400,309047,309.97
1506556800,329208,302.77
1506643200,326502,292.58
1506729600,295798,302.77
1506816000,283871,303.95
1506902400,306095,296.81
1506988800,327906,291.81
1507075200,307399,291.68
1507161600,314808,294.99
1507248000,319882,308.33
1507334400,291091,311.26
1507420800,296829,309.49
1507507200,328172,296.95
1507593600,349605,298.46
1507680000,344305,302.86
1507766400,363411,302.89
1507852800,379136,336.83
1507939200,332169,338.81
1508025600,328921,336.58
1508112000,408297,334.23
1508198400,505611,316.14
1508284800,470449,313.54
1508371200,494184,307.41
1508457600,546837,303.08
1508544000,462902,299.55
1508630400,435493,294.03
1508716800,468168,285.27
1508803200,492288,296.5
1508889600,460419,296.35
1508976000,466406,295.54
1509062400,486147,296.36
1509148800,484554,293.35
1509235200,494176,304.04
1509321600,532626,306.8
1509408000,519906,303.64
1509494400,527783,289.42
1509580800,529277,284.92
1509667200,485790,304.51
1509753600,398758,300.04
1509840000,417102,296.23
1509926400,511663,296.82
1510012800,470418,291.84
1510099200,480413,307.35
1510185600,467172,319.66
1510272000,457427,296.86
1510358400,394378,314.23
1510444800,434380,306.02
1510531200,443176,314.6
1510617600,475984,334.72
1510704000,540593,331.2
1510790400,491482,330.32
1510876800,508590,331.72
1510963200,459679,346.65
1511049600,464563,354.6
1511136000,530141,367.71
1511222400,524044,360.52
1511308800,546489,380.84
1511395200,537068,406.57
1511481600,525529,470.43
1511568000,561166,464.61
1511654400,542484,470.54
1511740800,608695,475.24
1511827200,638989,466.27
1511913600,663579,427.42
1512000000,655457,434.85
1512086400,622720,461.58
1512172800,627785,457.96
1512259200,693808,462.81
1512345600,701834,466.93
1512432000,693090,453.96
1512518400,791746,422.48
1512604800,659068,421.15
1512691200,766411,451.74
1512777600,707223,472.86
1512864000,716575,436.49
1512950400,828899,513.29
1513036800,872340,656.52
1513123200,909631,699.09
1513209600,942559,693.58
1513296000,904346,684.27
1513382400,899857,692.83
1513468800,876574,717.71
1513555200,984021,785.99
1513641600,1092234,812.5
1513728000,986104,799.17
1513814400,1072665,789.39
1513900800,1103523,657.83
1513987200,918881,700.44
1514073600,758234,675.91
1514160000,752361,723.14
1514246400,813510,753.4
1514332800,912752,739.94
1514419200,949503,716.69
1514505600,1090191,739.6
1514592000,1136659,692.99
1514678400,946981,741.13
1514764800,908945,756.2
1514851200,1153936,861.97
1514937600,1238030,941.1
1515024000,1349890,944.83
1515110400,1271577,967.13
1515196800,1226417,1006.41
1515283200,1152722,1117.75
1515369600,1215473,1136.11
1515456000,1256240,1289.24
1515542400,1177685,1248.99
1515628800,1173965,1139.32
1515715200,1118757,1261.03
1515801600,1179321,1385.02
1515888000,1081593,1359.48
1515974400,1206420,1278.69
1516060800,1277936,1050.26
1516147200,1277083,1024.69
1516233600,1205184,1012.97
1516320000,1043257,1037.36
1516406400,984489,1150.5
1516492800,1006530,1049.09
1516579200,972911,999.64
1516665600,928494,984.47
1516752000,913668,1061.78
1516838400,788515,1046.37
1516924800,953429,1048.58
1517011200,831992,1109.08
1517097600,889104,1231.58
1517184000,936845,1169.96
1517270400,906578,1063.75
1517356800,877284,1111.31
1517443200,1008759,1026.19
1517529600,981133,917.47
1517616000,814486,970.87
1517702400,800876,827.59
1517788800,875761,695.08
1517875200,888219,785.01
1517961600,818625,751.81
1518048000,681344,813.55
1518134400,789807,877.88
1518220800,848390,850.75
1518307200,773496,811.24
1518393600,829020,865.27
1518480000,745822,840.98
1518566400,746384,920.11
1518652800,777318,927.95
1518739200,704758,938.02
1518825600,772079,974.77
1518912000,756092,913.9
1518998400,811384,939.79
1519084800,886897,885.52
1519171200,850504,840.1
1519257600,761893,804.63
1519344000,733084,854.7
1519430400,732861,833.49
1519516800,690582,840.28
1519603200,737453,867.62
1519689600,694583,871.58
1519776000,720368,851.5
1519862400,684404,869.87
1519948800,744666,855.6
1520035200,673465,855.65
1520121600,643241,864.83
1520208000,752756,849.42
1520294400,712591,815.69
1520380800,783757,751.13
1520467200,690139,698.83
1520553600,650058,726.92
1520640000,591377,682.3
1520726400,608899,720.36
1520812800,677908,697.02
1520899200,699093,689.96
1520985600,671198,613.15
1521072000,654531,610.56
1521158400,654584,600.53
1521244800,593203,549.79
1521331200,684094,537.38
1521417600,703891,555.55
1521504000,661791,557.57
1521590400,697872,559.91
1521676800,619453,539.89
1521763200,677103,543.83
1521849600,613203,520.16
1521936000,526372,523.01
1522022400,626615,486.25
1522108800,584055,448.78
1522195200,579858,445.93
1522281600,583673,383.9
1522368000,633616,393.82
1522454400,584396,394.07
1522540800,545141,378.85
1522627200,598505,384.68
1522713600,645977,415.93
1522800000,628441,378.65
1522886400,695871,381.36
1522972800,647981,370.35
1523059200,535865,384.98
1523145600,595733,400.72
1523232000,609799,399.02
1523318400,571388,415.65
1523404800,609102,430.42
1523491200,692606,493.95
1523577600,730344,494.96
1523664000,611188,502.79
1523750400,619985,534.15
1523836800,664402,511.67
1523923200,742823,503.03
1524009600,703293,525.78
1524096000,814318,567.25
1524182400,832220,617.16
1524268800,746104,605.17
1524355200,748858,621.33
1524441600,802870,644.13
1524528000,816357,703.35
1524614400,799014,617.73
1524700800,793873,661.45
1524787200,764479,643.33
1524873600,775321,683.02
1524960000,756651,689.31
1525046400,778133,670.04
1525132800,713839,670.81
1525219200,787722,686.74
1525305600,839586,777.62
1525392000,1000526,784.21
1525478400,789261,816.58
1525564800,691273,790.39
1525651200,789863,752.4
1525737600,820098,747.79
1525824000,831127,751.27
1525910400,854827,723.61
1525996800,826099,677.8
1526083200,788487,683.64
1526169600,762439,729.34
1526256000,801788,727.41
1526342400,779210,705.64
1526428800,807257,706.72
1526515200,835761,668.38
1526601600,831831,693.57
1526688000,846288,696.05
1526774400,777283,715.15
1526860800,802211,696.73
1526947200,822409,640.84
1527033600,833377,577.01
1527120000,811167,602.59
1527206400,800838,584.77
1527292800,761932,585.76
1527379200,776024,569.64
1527465600,861002,512.03
1527552000,812183,566.59
1527638400,817167,557.12
1527724800,832842,577.23
1527811200,758242,579.01
1527897600,768017,590.53
1527984000,809997,619.04
1528070400,807165,591.31
1528156800,780654,608.23
1528243200,754070,606.3
1528329600,775828,604.44
1528416000,720017,599.55
1528502400,769427,593.38
1528588800,771280,524.74
1528675200,768985,531.15
1528761600,770199,494.53
1528848000,797637,476.3
1528934400,765916,519.83
1529020800,763803,487.51
1529107200,639775,497.22
1529193600,648548,496.74
1529280000,695753,517.63
1529366400,778765,538.45
1529452800,803076,536.16
1529539200,752035,525.77
1529625600,770457,462.16
1529712000,675918,474.18
1529798400,671994,455.25
1529884800,837265,458.82
1529971200,732170,429.58
1530057600,771938,441.75
1530144000,744784,420.72
1530230400,735092,435.25
1530316800,632981,453.42
1530403200,622633,451.95
1530489600,489559,476.58
1530576000,573532,461.95
1530662400,447112,467.19
1530748800,527586,467.55
1530835200,459075,469.93
1530921600,484105,485.81
1531008000,631505,486.19
1531094400,651926,471.48
1531180800,691771,432.69
1531267200,643920,445.59
1531353600,566058,430.91
1531440000,563317,432.46
1531526400,508951,433.74
1531612800,453706,449.62
1531699200,703999,478.75
1531785600,701292,499.06
1531872000,746145,479.02
1531958400,734702,468.65
1532044800,671608,448.84
1532131200,620634,461.04
1532217600,675356,457.65
1532304000,758657,449.63
1532390400,784910,479.47
1532476800,787527,471.28
1532563200,725630,462.03
1532649600,788715,469.69
1532736000,703973,468.55
1532822400,716354,466.2
1532908800,757712,456.56
1532995200,745063,431.99
1533081600,757758,419.87
1533168000,779928,410.83
1533254400,753190,417.62
1533340800,720548,406.91
1533427200,704249,408.81
1533513600,699536,404.95
1533600000,636342,377.94
1533686400,565663,355.57
1533772800,538530,363.51
1533859200,613892,331.57
1533945600,657312,318.01
1534032000,641927,318.2
1534118400,694941,284.03
1534204800,690348,278.31
1534291200,648565,281.24
1534377600,716732,286.8
1534464000,607270,317.57
1534550400,627522,294.85
1534636800,599660,299.62
1534723200,663769,270.81
1534809600,605639,281.13
1534896000,594918,270.37
1534982400,599557,275.83
1535068800,596227,281.37
1535155200,577239,277.56
1535241600,574072,274.3
1535328000,645935,288.02
1535414400,613844,295.55
1535500800,546841,288.67
1535587200,592847,284.15
1535673600,577258,281.66
1535760000,656254,295.36
1535846400,620267,295.02
1535932800,631429,288.97
1536019200,589521,285.23
1536105600,626957,228.27
1536192000,588959,229.52
1536278400,582184,215.14
1536364800,543337,196.77
1536451200,565631,195.99
1536537600,561611,197.14
1536624000,557317,185.15
1536710400,570673,183.03
1536796800,555753,211.27
1536883200,514394,208.87
1536969600,479695,221.63
1537056000,458432,220.12
1537142400,553720,196.04
1537228800,500513,208.39
1537315200,507255,209.78
1537401600,498146,224.76
1537488000,544686,247.69
1537574400,470309,240.78
1537660800,468627,244.55
1537747200,480337,227.92
1537833600,519108,219.2
1537920000,493507,214.21
1538006400,504047,229.09
1538092800,500407,221.56
1538179200,434315,231.32
1538265600,479351,232.6
1538352000,476308,230.89
1538438400,490262,225.41
1538524800,559006,219.97
1538611200,559181,221.76
1538697600,595361,227.9
1538784000,596865,224.62
1538870400,497767,225.65
1538956800,542842,229.33
1539043200,537028,227.49
1539129600,516772,225.26
1539216000,570525,189.83
1539302400,562140,195.97
1539388800,541797,199.45
1539475200,511719,194.99
1539561600,562011,210.8
1539648000,575450,210.22
1539734400,580354,207.6
1539820800,565791,202.49
1539907200,601119,202.86
1539993600,534080,205.08
1540080000,508014,204.77
1540166400,577314,203.6
1540252800,556231,203.7
1540339200,532709,202.92
1540425600,537236,201.23
1540512000,551218,203.37
1540598400,499165,202.79
1540684800,509862,203.72
1540771200,614695,195.67
1540857600,608397,196.19
1540944000,585707,197.85
1541030400,589096,198.73
1541116800,548534,201.02
1541203200,505015,199.47
1541289600,510848,211.3
1541376000,582354,209.7
1541462400,597166,219.56
1541548800,564602,217.99
1541635200,555392,211.29
1541721600,547848,209.39
1541808000,489120,211.9
1541894400,527799,211.7
1541980800,571162,210.81
1542067200,553590,206.42
1542153600,582181,182.72
1542240000,563051,181.53
1542326400,552107,174.84
1542412800,505581,174.22
1542499200,484801,177.53
1542585600,622942,148.22
1542672000,625752,130.74
1542758400,579531,136.5
1542844800,568895,124.83
1542931200,559992,123.37
1543017600,497091,112.75
1543104000,529038,116.75
1543190400,557388,108.87
1543276800,565825,110.19
1543363200,622580,122.88
1543449600,555591,117.48
1543536000,599039,112.87
1543622400,525757,118.5
1543708800,492410,115.96
1543795200,548100,108.23
1543881600,565202,109.82
1543968000,595937,101.57
1544054400,590923,90.43
1544140800,572417,93.61
1544227200,552651,91.44
1544313600,507555,94.42
1544400000,555379,90.7
1544486400,536006,88.05
1544572800,533920,90.52
1544659200,565689,86.39
1544745600,567306,83.9
1544832000,551916,84.27
1544918400,516697,85.39
1545004800,570051,95.44
1545091200,556320,102.44
1545177600,597824,100.63
1545264000,602429,116.43
1545350400,606526,109.44
1545436800,495551,118.36
1545523200,543655,131.56
1545609600,615551,140.87
1545696000,535001,130.99
1545782400,560047,132.61
1545868800,548411,116.72
1545955200,572189,139.73
1546041600,543746,137.3
1546128000,460395,141.33
1546214400,522040,133.49
1546300800,448168,142.66
1546387200,589959,156.57
1546473600,596620,149.44
1546560000,549398,156.04
1546646400,511189,156.23
1546732800,487372,158.61
1546819200,550964,152.09
1546905600,553367,151.1
1546992000,558847,151.17
1547078400,582839,127.96
1547164800,541838,127.16
1547251200,452707,125.83
1547337600,481347,116.56
1547424000,577239,129.74
1547510400,539896,121.22
1547596800,507687,123.12
1547683200,517082,123.72
1547769600,538899,120.57
1547856000,539125,124.85
1547942400,537705,118.41
1548028800,582751,116.72
1548115200,605558,119.12
1548201600,533819,117.57
1548288000,520130,117.7
1548374400,504903,115.92
1548460800,464380,116.33
1548547200,488814,112.27
1548633600,568564,106.36
1548720000,566026,104.75
1548806400,555347,109.04
1548892800,517057,106.89
1548979200,498856,107.03
1549065600,450314,111
1549152000,424378,107.21
1549238400,416394,106.9
1549324800,414815,106.93
1549411200,429065,104.5
1549497600,428676,104.3
1549584000,471952,119.49
1549670400,417129,119.46
1549756800,381151,125.58
1549843200,429007,120.76
1549929600,438111,122.63
1550016000,491354,122.31
1550102400,474782,120.85
1550188800,468599,122.02
1550275200,454309,123.26
1550361600,447945,134.28
1550448000,512455,146.53
1550534400,533602,144.4
1550620800,530268,149.23
1550707200,544817,146.36
1550793600,530839,149.04
1550880000,476225,159.48
1550966400,540201,133.42
1551052800,573756,139.02
1551139200,553925,137.12
1551225600,539516,135.94
1551312000,541458,136.29
1551398400,547622,136.15
1551484800,526912,133.81
1551571200,492382,131.21
1551657600,620211,126.43
1551744000,598085,137.93
1551830400,578932,138.49
1551916800,572685,137.65
1552003200,562361,134.42
1552089600,555854,138.24
1552176000,484038,136.36
1552262400,536412,133.54
1552348800,564306,134.37
1552435200,573281,132.93
1552521600,573828,132.89
1552608000,553012,137.63
1552694400,504183,141.68
1552780800,494872,139.74
1552867200,573940,138.5
1552953600,635940,139.46
1553040000,630313,140.22
1553126400,618318,135.61
1553212800,628700,136.76
1553299200,561778,137.74
1553385600,549073,136.21
1553472000,648670,133.96
1553558400,629010,134.29
1553644800,625948,140.23
1553731200,634367,138.39
1553817600,640352,144.41
1553904000,667967,143.29
1553990400,646230,142.4
1554076800,687574,141.85
1554163200,758900,164.93
1554249600,746605,161.18
1554336000,673520,158.07
1554422400,621924,166.39
1554508800,559039,166.28
1554595200,572886,175.57
1554681600,668000,181.06
1554768000,656914,176.3
1554854400,674070,177.39
1554940800,729032,165.24
1555027200,694793,164.56
1555113600,614291,164.53
1555200000,551055,168.68
1555286400,622058,160.3
1555372800,656461,166.9
1555459200,681896,167.02
1555545600,697650,174.6
1555632000,693183,174.13
1555718400,686824,173.96
1555804800,631190,170.3
1555891200,719306,171.9
1555977600,729268,170.66
1556064000,668917,166.05
1556150400,680812,152.99
1556236800,661061,156.45
1556323200,562687,158.36
1556409600,593482,158.05
1556496000,628989,156.69
1556582400,707771,164.39
1556668800,703790,161.42
1556755200,626308,161.29
1556841600,670882,168.24
1556928000,623395,163.61
1557014400,637464,163.94
1557100800,706135,173.7
1557187200,658146,168.59
1557273600,686996,171.42
1557360000,718440,170.86
1557446400,736762,172.5
1557532800,742337,192.44
1557619200,715827,188.14
1557705600,758695,195.83
1557792000,830785,217.16
1557878400,847606,248.64
1557964800,908208,264.47
1558051200,810320,244.84
1558137600,735420,233.96
1558224000,752431,260.9
1558310400,860161,252.1
1558396800,812799,254.94
1558483200,873384,243.46
1558569600,846724,245.6
1558656000,904057,249.61
1558742400,839949,251.49
1558828800,763094,268.26
1558915200,941733,271.83
1559001600,910535,271.45
1559088000,947509,269.6
1559174400,891907,254.45
1559260800,870676,267.42
1559347200,956751,264.71
1559433600,890894,269.31
1559520000,889067,249.61
1559606400,891955,241.1
1559692800,799392,246.16
1559779200,824817,249.43
1559865600,758454,249.54
1559952000,992653,244.4
1560038400,715741,231.43
1560124800,963694,247.96
1560211200,930038,245.16
1560297600,860682,263.05
1560384000,749758,255.09
1560470400,825364,263.76
1560556800,938952,269.22
1560643200,888979,268.53
1560729600,944094,273.92
1560816000,850016,264.51
1560902400,886054,269.01
1560988800,985024,272.21
1561075200,777627,296.03
1561161600,758133,309.41
1561248000,773499,307.37
1561334400,809637,311.22
1561420800,932194,316.53
1561507200,848601,333.76
1561593600,814118,294.07
1561680000,1004170,309.37
1561766400,733337,317.32
1561852800,685958,290.15
1561939200,951985,294.17
1562025600,895054,291.61
1562112000,753227,302.17
1562198400,747514,283.1
1562284800,849080,287.9
1562371200,754040,287.98
1562457600,582067,306.43
1562544000,809796,313.34
1562630400,771955,307.89
1562716800,736096,288.64
1562803200,975288,268.56
1562889600,726392,275.41
1562976000,587283,268.94
1563062400,613490,226.16
1563148800,743294,228.14
1563235200,1003278,198.71
1563321600,830029,211.29
1563408000,667874,226.09
1563494400,815548,221.28
1563580800,584085,228.71
1563667200,522416,225.4
1563753600,640666,217.22
1563840000,606795,212.21
1563926400,907213,216.66
1564012800,949864,219.41
1564099200,640260,219.23
1564185600,577697,219.85
1564272000,572697,211.15
1564358400,676990,211.52
1564444800,715782,209.82
1564531200,684284,218.7
1564617600,877643,217.51
1564704000,768312,217.7
1564790400,783492,217.73
1564876800,569134,222.7
1564963200,718438,233.19
1565049600,732052,228.7
1565136000,742477,225.99
1565222400,692736,221.18
1565308800,721762,210.47
1565395200,630929,206.26
1565481600,582507,216.39
1565568000,712949,211.28
1565654400,698671,208.62
1565740800,736647,186.49
1565827200,689076,188.24
1565913600,718875,185.41
1566000000,641106,185.69
1566086400,627260,194.77
1566172800,724461,202.43
1566259200,733520,196.55
1566345600,731500,187.32
1566432000,737144,190.74
1566518400,733282,194.64
1566604800,684235,191.08
1566691200,677260,186.58
1566777600,750845,188.46
1566864000,748158,187.17
1566950400,722262,173.01
1567036800,724189,168.95
1567123200,713194,168.52
1567209600,679773,172.15
1567296000,690235,171.42
1567382400,757539,178.76
1567468800,751224,179.13
1567555200,714432,175.01
1567641600,769872,174.38
1567728000,768500,169.47
1567814400,677445,178.32
1567900800,675137,181.67
1567987200,756508,180.84
1568073600,691617,180.01
1568160000,705292,178.48
1568246400,723726,181.19
1568332800,623470,181.56
1568419200,628467,188.9
1568505600,633961,189.48
1568592000,733010,197.85
1568678400,681814,207.9
1568764800,708743,210.5
1568851200,692484,221.01
1568937600,717128,218.26
1569024000,596973,215.1
1569110400,576563,211.23
1569196800,639394,200.97
1569283200,709522,166.47
1569369600,677675,170.22
1569456000,657676,166.06
1569542400,623632,174.39
1569628800,607857,174.14
1569715200,591986,169.68
1569801600,683924,181.47
1569888000,645073,176.39
1569974400,627137,181.06
1570060800,615189,175.17
1570147200,590197,176.21
1570233600,595118,176.9
1570320000,571769,170.26
1570406400,629382,180.49
1570492800,710373,181.09
1570579200,751354,193.43
1570665600,706127,191.73
1570752000,702673,180.94
1570838400,634450,180.09
1570924800,566845,181.37
1571011200,650601,186.96
1571097600,690703,180.74
1571184000,694589,174.76
1571270400,703704,177.5
1571356800,733646,173.29
1571443200,665170,172.37
1571529600,612341,175.84
1571616000,678528,174.64
1571702400,726230,171.64
1571788800,736388,162.72
1571875200,724917,161.07
1571961600,741655,181.79
1572048000,716822,180.16
1572134400,642955,184.34
1572220800,721335,182.09
1572307200,707622,191.11
1572393600,717618,183.52
1572480000,744118,182.59
1572566400,705019,183.4
1572652800,590976,183.45
1572739200,571113,181.92
1572825600,670783,186.49
1572912000,739254,188.96
1572998400,707733,191.24
1573084800,857371,186.54
1573171200,699138,183.85
1573257600,604007,185.11
1573344000,609364,189.29
1573430400,710155,184.91
1573516800,708660,187.09
1573603200,713551,188.1
1573689600,679505,184.68
1573776000,683049,180.03
1573862400,596661,182.61
1573948800,600168,184.2
1574035200,734472,178.23
1574121600,735532,175.96
1574208000,689771,174.68
1574294400,762896,161.18
1574380800,794748,150.22
1574467200,631670,152.42
1574553600,596880,140.42
1574640000,762888,146.22
1574726400,679733,148
1574812800,674957,153.05
1574899200,623080,151.31
1574985600,670568,154.94
1575072000,584871,152.2
1575158400,615069,151.36
1575244800,681210,149.36
1575331200,610528,147.73
1575417600,661004,145.73
1575504000,617647,148.32
1575590400,573666,149.06
1575676800,488124,147.79
1575763200,440672,151.06
1575849600,635462,147.68
1575936000,631603,145.92
1576022400,625349,143.61
1576108800,635638,145.05
1576195200,621511,144.97
1576281600,551143,142.18
1576368000,526996,142.74
1576454400,634682,132.68
1576540800,646999,122.11
1576627200,663295,133.07
1576713600,620140,128.31
1576800000,614338,128.58
1576886400,545378,127.52
1576972800,529935,132.56
1577059200,631635,128.1
1577145600,602814,128.02
1577232000,565093,125.1
1577318400,586645,125.73
1577404800,580029,126.5
1577491200,516438,128.21
1577577600,480131,134.55
1577664000,584426,131.41
1577750400,554215,128.91
1577836800,466526,130.6
1577923200,505639,127.18
1578009600,581641,134.25
1578096000,559074,134.33
1578182400,524664,135.44
1578268800,626525,144.28
1578355200,646478,143.18
1578441600,653831,140.66
1578528000,621399,137.9
1578614400,605095,144.88
1578700800,549612,142.69
1578787200,523951,146.55
1578873600,565389,143.7
1578960000,671748,165.86
1579046400,698399,166.22
1579132800,693649,164.09
1579219200,676556,169.74
1579305600,628211,174
1579392000,615368,166.94
1579478400,599266,166.77
1579564800,558962,169.36
1579651200,513767,167.79
1579737600,552533,162.63
1579824000,497135,162.45
1579910400,435515,160.36
1579996800,428839,167.72
1580083200,476541,169.95
1580169600,526284,176
1580256000,551529,173.55
1580342400,566052,184.47
1580428800,583358,179.76
1580515200,545761,183.66
1580601600,530094,188.39
1580688000,621191,189.77
1580774400,524476,188.44
1580860800,610780,203.85
1580947200,606505,212.88
1581033600,626252,223.14
1581120000,661649,223.2
1581206400,628631,228.6
1581292800,668760,223.11
1581379200,709280,237.8
1581465600,798162,266.13
1581552000,764763,268.56
1581638400,771827,285.79
1581724800,699151,264.85
1581811200,661490,259.43
1581897600,695366,268.07
1581984000,733983,282.92
1582070400,695837,258.72
1582156800,689600,257.7
1582243200,670542,265.6
1582329600,605859,262.31
1582416000,606290,275.64
1582502400,687702,265.74
1582588800,670257,246.84
1582675200,704929,223.73
1582761600,714482,227.57
1582848000,688694,227.56
1582934400,620465,217.68
1583020800,628500,218.02
1583107200,681477,232.09
1583193600,661419,223.77
1583280000,663966,224.68
1583366400,720114,228.7
1583452800,676799,245.76
1583539200,630992,237.78
1583625600,662565,199.68
1583712000,784085,203.08
1583798400,760588,200.62
1583884800,713065,194.86
1583971200,760781,109.78
1584057600,847947,135.44
1584144000,681830,122.58
1584230400,657653,123.53
1584316800,784094,111.32
1584403200,763100,116.3
1584489600,768437,118.62
1584576000,864017,136.7
1584662400,822158,133.4
1584748800,857503,132.72
1584835200,746195,122.44
1584921600,801238,136.74
1585008000,791900,139.07
1585094400,765389,136.28
1585180800,772649,138.97
1585267200,748776,131.51
1585353600,667726,131.34
1585440000,607984,124.55
1585526400,724004,132.31
1585612800,731749,133.17
1585699200,683007,136.05
1585785600,720554,141.59
1585872000,722688,141.45
1585958400,625952,144.49
1586044800,614001,142.88
1586131200,771300,171.62
1586217600,783472,164.66
1586304000,830223,173.41
1586390400,727502,169.92
1586476800,745643,158.12
1586563200,680523,158.67
1586649600,678530,158.75
1586736000,744306,156.82
1586822400,813972,158.6
1586908800,792152,152.85
1586995200,790334,172.58
1587081600,785639,170.98
1587168000,783111,187.81
1587254400,741675,180.34
1587340800,828885,170.6
1587427200,812963,171
1587513600,790519,183.04
1587600000,826397,185.68
1587686400,846807,187.7
1587772800,792299,194.39
1587859200,801949,197.78
1587945600,841193,196.78
1588032000,838453,196.86
1588118400,897881,215.55
1588204800,899459,206.27
1588291200,827138,211.98
1588377600,765990,214.15
1588464000,789689,210.06
1588550400,774035,206.94
1588636800,785518,205.48
1588723200,833506,199.1
1588809600,877129,212.37
1588896000,887756,211.54
1588982400,894382,210.1
1589068800,879153,187.84
1589155200,887554,185.88
1589241600,880678,189.9
1589328000,856962,199.85
1589414400,820300,203.32
1589500800,888691,194.65
1589587200,875030,200.51
1589673600,808464,206.98
1589760000,857645,214.73
1589846400,848038,214.63
1589932800,855377,209.85
1590019200,867704,198.56
1590105600,916282,207.28
1590192000,868425,206.7
1590278400,825755,199.78
1590364800,875607,204.1
1590451200,916975,201.03
1590537600,896217,208.34
1590624000,907265,220.3
1590710400,949269,220.56
1590796800,881950,243.57
1590883200,850103,231.73
1590969600,929874,248.21
1591056000,980902,237.81
1591142400,898364,244.56
1591228800,930407,243.35
1591315200,901995,240.08
1591401600,946196,242.08
1591488000,943786,244.75
1591574400,966206,246.47
1591660800,923075,244
1591747200,939890,248.01
1591833600,925331,230.21
1591920000,889318,237.54
1592006400,833267,238.21
1592092800,785017,231.61
1592179200,912281,230.98
1592265600,904928,235.35
1592352000,879736,233.76
1592438400,913845,231.24
1592524800,945942,228.71
1592611200,941415,228.89
1592697600,987058,227.83
1592784000,1092083,243.3
1592870400,1119442,243.16
1592956800,1070862,234.56
1593043200,1041742,232.35
1593129600,1017505,229.46
1593216000,1017138,220.81
1593302400,997731,224.99
1593388800,1056189,227.86
1593475200,1111318,225.58
1593561600,1044438,231.05
1593648000,1039119,226.49
1593734400,1022098,225.15
1593820800,946287,229.34
1593907200,880075,228.03
1593993600,1020012,241.76
1594080000,1064506,239.35
1594166400,1092210,247.11
1594252800,1070343,242.08
1594339200,1034806,241.21
1594425600,982930,239.25
1594512000,997960,242.84
1594598400,1151834,239.53
1594684800,1098661,240.44
1594771200,1111360,238.42
1594857600,1068620,233.61
1594944000,1078101,232.77
1595030400,1071509,235.84
1595116800,1082448,239.22
1595203200,1143700,236.16
1595289600,1120095,245.87
1595376000,1138040,264.32
1595462400,1147143,275.65
1595548800,1146282,279.6
1595635200,1175506,305.67
1595721600,1137893,311.47
1595808000,1261456,322.39
1595894400,1222353,317.47
1595980800,1163851,318.27
1596067200,1164479,335.25
1596153600,1218838,346.81
1596240000,1171566,387.41
1596326400,1125886,371.93
1596412800,1176793,386.1
1596499200,1164208,389.79
1596585600,1182699,401.12
1596672000,1215885,395.07
1596758400,1249695,379.57
1596844800,1182406,397.56
1596931200,1229151,390.28
1597017600,1289980,395.84
1597104000,1254244,378.94
1597190400,1229214,387.19
1597276800,1209139,424.97
1597363200,1201546,438.51
1597449600,1107833,432.63
1597536000,1152369,433.85
1597622400,1181976,431.26
1597708800,1229256,422.38
1597795200,1216891,407.85
1597881600,1182994,416.04
1597968000,1256752,387.98
1598054400,1102479,395.46
1598140800,1122524,390.72
1598227200,1162182,408.03
1598313600,1138199,383.34
1598400000,1166218,386.02
1598486400,1136576,383.18
1598572800,1131912,395.54
1598659200,1130992,398.79
1598745600,1142415,429.04
1598832000,1235856,434.1
1598918400,1245701,475.81
1599004800,1181212,439.83
1599091200,1149636,382.46
1599177600,1141207,385.91
1599264000,1040906,335.24
1599350400,1026667,352.69
1599436800,1051480,353.7
1599523200,1026700,337.45
1599609600,1052603,351.15
1599696000,1120964,368.09
1599782400,1074413,373.99
1599868800,1034584,387.88
1599955200,1042047,366.33
1600041600,1079688,377.24
1600128000,1089837,364.19
1600214400,1035013,365.19
1600300800,1406016,389.49
1600387200,1244808,384.66
1600473600,1090001,385.36
1600560000,1095309,371.06
1600646400,1133662,340.19
1600732800,1081497,344.25
1600819200,1084100,320.19
1600905600,1087537,349.18
1600992000,1034790,352.02
1601078400,984559,354.21
1601164800,966479,357.67
1601251200,1080187,354.01
1601337600,1088234,359.92
1601424000,1079040,359.86
1601510400,1018741,353.09
1601596800,1002138,345.83
1601683200,956528,346.32
1601769600,985452,352.67
1601856000,1027690,353.84
1601942400,1083502,340.85
1602028800,1035384,341.91
1602115200,1019446,351.2
1602201600,1049571,365.41
1602288000,1036351,370.88
1602374400,1004701,374.4
1602460800,1092162,386.91
1602547200,1127396,381.41
1602633600,1093927,379.04
1602720000,1249576,377.82
1602806400,1161135,365.58
1602892800,1051772,368.53
1602979200,995711,378.44
1603065600,1128930,379.41
1603152000,1105678,368.83
1603238400,1159354,391.46
1603324800,1189043,414.5
1603411200,1132837,409.57
1603497600,1012156,412.52
1603584000,965206,406.3
1603670400,1086139,393.11
1603756800,1078466,403.74
1603843200,1139608,388.77
1603929600,1107849,387.54
1604016000,1111013,382.76
1604102400,1089587,386.76
1604188800,1050753,396.49
1604275200,1156870,383.61
1604361600,1119359,388.17
1604448000,1137324,402.66
1604534400,1128431,416.89
1604620800,1171971,456.32
1604707200,1131722,435.82
1604793600,1016465,454.74
1604880000,1147695,444.45
1604966400,1157455,450.86
1605052800,1096582,463.91
1605139200,1099253,462.78
1605225600,1156377,476.87
1605312000,1067063,461.03
1605398400,1037428,448.51
1605484800,1105512,461.01
1605571200,1173012,482.71
1605657600,1120798,478.76
1605744000,1122748,471.82
1605830400,1162871,510.43
1605916800,1172183,552.26
1606003200,1148006,560.01
1606089600,1213632,609.13
1606176000,1240072,604.98
1606262400,1205924,569.4
1606348800,1173330,520.22
1606435200,1102889,518.83
1606521600,992335,537.99
1606608000,993930,576
1606694400,1183915,616.14
1606780800,1172361,586.23
1606867200,1071389,598.26
1606953600,1114178,616.55
1607040000,1134337,567.67
1607126400,1055722,596.93
1607212800,1034515,602.3
1607299200,1102501,591.36
1607385600,1149816,554.82
1607472000,1150822,573.44
1607558400,1092429,558.36
1607644800,1122160,544.14
1607731200,1092064,568.26
1607817600,1142703,590.72
1607904000,1241593,586.35
1607990400,1215285,589.17
1608076800,1261767,637.74
1608163200,1342281,643.16
1608249600,1193950,654.55
1608336000,1162872,658.7
1608422400,1074305,638.17
1608508800,1146949,607.9
1608595200,1147101,637.23
1608681600,1254308,585.25
1608768000,1142743,612.32
1608854400,1140417,626.83
1608940800,1139562,636.07
1609027200,1177372,683.98
1609113600,1256783,729.59
1609200000,1206703,731.55
1609286400,1227653,752.53
1609372800,1163876,737.15
1609459200,1136712,730.6
1609545600,1170839,774.9
1609632000,1234419,978.69
1609718400,1275169,1043.16
1609804800,1258441,1103.19
1609891200,1280434,1210.59
1609977600,1298568,1225.5
1610064000,1288953,1216.98
1610150400,1231759,1279.96
1610236800,1210603,1255.72
1610323200,1280285,1088.37
1610409600,1165508,1050.04
1610496000,1126532,1129.84
1610582400,1184604,1232.11
1610668800,1227187,1169.06
1610755200,1193339,1228.52
1610841600,1133096,1233.73
1610928000,1217953,1258.31
1611014400,1252236,1367.65
1611100800,1213930,1377.75
1611187200,1178190,1111.49
1611273600,1182794,1234.56
1611360000,1140666,1234.1
1611446400,1117744,1392.45
1611532800,1207263,1318.47
1611619200,1194595,1368.22
1611705600,1140980,1241.51
1611792000,1190834,1330.78
1611878400,1293963,1379.13
1611964800,1218241,1379.35
1612051200,1244924,1314.18
1612137600,1300451,1374.57
1612224000,1302891,1513.9
1612310400,1314906,1667.22
1612396800,1309863,1597.44
1612483200,1316904,1721.48
1612569600,1227828,1679.14
1612656000,1230638,1614.64
1612742400,1275739,1752.87
1612828800,1327544,1772.05
1612915200,1320357,1743
1613001600,1270521,1787.69
1613088000,1290300,1844.84
1613174400,1252364,1817.48
1613260800,1206665,1802.96
1613347200,1210500,1779.4
1613433600,1217916,1782.83
1613520000,1258503,1851.14
1613606400,1298425,1939.61
1613692800,1323618,1957.47
1613779200,1337507,1915.12
1613865600,1233518,1935.14
1613952000,1312178,1778.07
1614038400,1302882,1578.19
1614124800,1285208,1625.17
1614211200,1232758,1481.88
1614297600,1236241,1446.1
1614384000,1202432,1460.23
1614470400,1179859,1422.58
1614556800,1185925,1571.49
1614643200,1240182,1488.67
1614729600,1235048,1568.65
1614816000,1234903,1538.37
1614902400,1208640,1529.75
1614988800,1160519,1651.48
1615075200,1180104,1726.33
1615161600,1216417,1834.48
1615248000,1275347,1872.1
1615334400,1256065,1795.63
1615420800,1284767,1827.06
1615507200,1325679,1767.77
1615593600,1293352,1921.18
1615680000,1277890,1848.69
1615766400,1321388,1794.83
1615852800,1308992,1805.64
1615939200,1272298,1823.03
1616025600,1299760,1776.16
1616112000,1291231,1809.76
1616198400,1262309,1805.49
1616284800,1206064,1783.94
1616371200,1307460,1682.05
1616457600,1298959,1668.69
1616544000,1309468,1583.24
